[
  {
    "0": "baptist_church",
    "1": "palbari",
    "2": "arabpur",
    "3": "bypass",
    "4": "dormotala",
    "5": "wapda_garage",
    "6": "sacred_heart",
    "7": "khorki_mor",
    "8": "chuadanga",
    "9": "wapda_office",
    "10": "gym",
    "11": "asad_gate",
    "12": "mmc_mosque",
    "13": "mm_college",
    "14": "khorki_cemetary",
    "15": "mmc_dokkingate",
    "16": "cybersecurity",
    "17": "shilpokola",
    "18": "christ_church",
    "19": "dhoratana",
    "20": "zero_point",
    "21": "zilla_school",
    "22": "citra_mor",
    "23": "hotel_hassan",
    "24": "ad_din",
    "25": "eden_market",
    "26": "pti",
    "27": "food_storage",
    "28": "char_khamba",
    "29": "bejpara_mondir",
    "30": "bcmc_college"
  },
  {
    "baptist_church": 0,
    "palbari": 1,
    "arabpur": 2,
    "bypass": 3,
    "dormotala": 4,
    "wapda_garage": 5,
    "sacred_heart": 6,
    "khorki_mor": 7,
    "chuadanga": 8,
    "wapda_office": 9,
    "gym": 10,
    "asad_gate": 11,
    "mmc_mosque": 12,
    "mm_college": 13,
    "khorki_cemetary": 14,
    "mmc_dokkingate": 15,
    "cybersecurity": 16,
    "shilpokola": 17,
    "christ_church": 18,
    "dhoratana": 19,
    "zero_point": 20,
    "zilla_school": 21,
    "citra_mor": 22,
    "hotel_hassan": 23,
    "ad_din": 24,
    "eden_market": 25,
    "pti": 26,
    "food_storage": 27,
    "char_khamba": 28,
    "bejpara_mondir": 29,
    "bcmc_college": 30
  }
]